"LSOA01","Name","Annual Average Electricity Domestic Consumption  (kWh)(2007)","Annual Average Electricity Domestic Consumption  (kWh)(2008)","Annual Average Electricity Domestic Consumption  (kWh)(2009)","Annual Average Electricity Domestic Consumption  (kWh)(2010)","Annual Average Ordinary Electricity Domestic Consumption  (kWh)(2007)","Annual Average Ordinary Electricity Domestic Consumption  (kWh)(2008)","Annual Average Ordinary Electricity Domestic Consumption  (kWh)(2009)","Annual Average Ordinary Electricity Domestic Consumption  (kWh)(2010)","Annual Average Economy 7 Electricity Domestic Consumption  (kWh)(2007)","Annual Average Economy 7 Electricity Domestic Consumption  (kWh)(2008)","Annual Average Economy 7 Electricity Domestic Consumption  (kWh)(2009)","Annual Average Economy 7 Electricity Domestic Consumption  (kWh)(2010)","Annual Total Domestic Electricity Consumption  (kWh)(2007)","Annual Total Domestic Electricity Consumption  (kWh)(2008)","Annual Total Domestic Electricity Consumption  (kWh)(2009)","Annual Total Domestic Electricity Consumption  (kWh)(2010)","Annual Ordinary Domestic Electricity Consumption  (kWh)(2007)","Annual Ordinary Domestic Electricity Consumption  (kWh)(2008)","Annual Ordinary Domestic Electricity Consumption  (kWh)(2009)","Annual Ordinary Domestic Electricity Consumption  (kWh)(2010)","Annual Economy 7 Domestic Electricity Consumption  (kWh)(2007)","Annual Economy 7 Domestic Electricity Consumption  (kWh)(2008)","Annual Economy 7 Domestic Electricity Consumption  (kWh)(2009)","Annual Economy 7 Domestic Electricity Consumption  (kWh)(2010)","Number of Ordinary Domestic Meters(2010)","Number of Economy 7 Meters(2010)",
"_E01014485","Mina Road","3170","3032","3019","3033","3077.0","2906.0","2911.0","2926.0","4568.0","4937.0","4601.0","4698.0","2634235","2540929","2565869","2574847","2396687.0","2284220.0","2317435.0","2335276.0","237547.0","256710.0","248434.0","239572.0","798","51.0",
"_E01014486","St Agnes","3417","3223","3011","3121","3287.0","2982.0","2804.0","2930.0","4211.0","4628.0","4237.0","4338.0","3775460","3522656","3333506","3558039","3122764.0","2782129.0","2655656.0","2885710.0","652696.0","740527.0","677850.0","672330.0","985","155.0",
"_E01014487","Cromwell Road","4361","4206","3944","3975","4163.0","3976.0","3756.0","3844.0","6386.0","6701.0","6131.0","5482.0","3375222","3343635","3241657","3275390","2934585.0","2894699.0","2843138.0","2913553.0","440637.0","448936.0","398518.0","361837.0","758","66.0",
"_E01014488","Upper Montpelier","3495","3225","3091","3177","3466.0","3142.0","3097.0","3152.0","3922.0","4591.0","2980.0","3643.0","2834463","2706040","2654844","2725556","2630497.0","2485656.0","2511816.0","2565288.0","203966.0","220384.0","143028.0","160269.0","814","44.0",
"_E01014489","Lower Montpelier","3015","2906","2930","2979","2821.0","2754.0","2747.0","2825.0","5153.0","4575.0","5063.0","4799.0","3307119","3248633","3594984","3763003","2838201.0","2823178.0","3103923.0","3287939.0","468918.0","425455.0","491060.0","475064.0","1164","99.0",
"_E01014490","St Pauls","4012","3758","3761","3736","2931.0","2805.0","2949.0","2980.0","6076.0","5673.0","5522.0","5424.0","6920206","6692936","7081794","7102204","3317408.0","3334832.0","3801736.0","3912749.0","3602798.0","3358104.0","3280058.0","3189456.0","1313","588.0",
"_E01014491","Ashley Hill","3879","3580","3483","3487","3811.0","3519.0","3397.0","3455.0","4923.0","4493.0","4779.0","4037.0","2870313","2771270","2737958","2761954","2648786.0","2551111.0","2503798.0","2584349.0","221527.0","220159.0","234160.0","177605.0","748","44.0",
"_E01014492","Shirehampton Centre","4214","4152","4069","4009","3205.0","3294.0","3261.0","3264.0","7492.0","7062.0","6837.0","6579.0","3169258","3117908","3080153","3034508","1843112.0","1910248.0","1911084.0","1916060.0","1326146.0","1207660.0","1169069.0","1118448.0","587","170.0",
"_E01014493","Barrow Hill","4576","4127","4099","4059","4339.0","3871.0","3718.0","3759.0","5937.0","5648.0","6503.0","6032.0","2837135","2571379","2635522","2646403","2290963.0","2063080.0","2063280.0","2127633.0","546172.0","508299.0","572242.0","518769.0","566","86.0",
"_E01014494","Shirehampton Portway","4032","3923","3770","3825","3823.0","3736.0","3562.0","3603.0","7233.0","7067.0","7383.0","7710.0","2633077","2577549","2502986","2539911","2343751.0","2316062.0","2237207.0","2262345.0","289326.0","261487.0","265780.0","277567.0","628","36.0",
"_E01014495","Woodwell Road","4370","4048","4019","4032","3684.0","3469.0","3498.0","3539.0","6892.0","6198.0","6068.0","6125.0","3167950","2955239","2973771","3108780","2099692.0","1994517.0","2063558.0","2208358.0","1068258.0","960722.0","910213.0","900422.0","624","147.0",
"_E01014496","Avonmouth Docks","4222","3912","3828","4093","4036.0","3738.0","3652.0","3932.0","6779.0","6443.0","6338.0","6431.0","3056557","2867162","2801966","3049076","2724364.0","2564350.0","2497723.0","2740384.0","332193.0","302812.0","304243.0","308692.0","697","48.0",
"_E01014497","Lawrence Weston West","4140","3860","3763","3724","3721.0","3520.0","3441.0","3373.0","6110.0","5546.0","5496.0","5731.0","2852775","2690287","2618733","2647910","2113506.0","2041387.0","2019720.0","2040387.0","739269.0","648900.0","599013.0","607523.0","605","106.0",
"_E01014498","Kingsweston Avenue","4152","4006","3998","3656","3663.0","3547.0","3599.0","3287.0","5752.0","5538.0","5412.0","4992.0","2785712","2676188","2686900","2449440","1882695.0","1823287.0","1885987.0","1725666.0","903017.0","852902.0","800913.0","723774.0","525","145.0",
"_E01014499","Avonmouth Village","4586","4422","4309","4229","4428.0","4287.0","4144.0","4120.0","6035.0","5678.0","5867.0","5235.0","2893785","2785725","2732173","2681184","2519633.0","2439388.0","2374261.0","2356595.0","374153.0","346337.0","357911.0","324589.0","572","62.0",
"_E01014500","Parson Street","3470","3347","3384","3338","3344.0","3260.0","3290.0","3201.0","6210.0","5031.0","5306.0","6030.0","2609135","2523389","2544637","2486487","2404216.0","2337248.0","2358930.0","2269411.0","204918.0","186141.0","185707.0","217076.0","709","36.0",
"_E01014501","Ashton Vale","3812","3438","3597","3530","3663.0","3331.0","3475.0","3452.0","7393.0","6154.0","7023.0","5869.0","2759910","2544018","2712088","2746250","2545519.0","2371696.0","2529483.0","2599533.0","214392.0","172322.0","182605.0","146717.0","753","25.0",
"_E01014502","Bedminster Road","3605","3429","3629","3386","3387.0","3225.0","3450.0","3286.0","7510.0","6982.0","6712.0","5298.0","2995645","2722400","2910520","2729142","2665204.0","2422177.0","2615187.0","2517227.0","330441.0","300224.0","295333.0","211915.0","766","40.0",
"_E01014503","West Street","3623","3931","3958","4001","3466.0","3846.0","3871.0","3920.0","6644.0","5661.0","5735.0","5645.0","5289735","5869152","6012040","6085055","4811387.0","5472898.0","5604864.0","5684286.0","478348.0","396254.0","407176.0","400768.0","1450","71.0",
"_E01014504","Luckwell Road","3428","3172","3201","3141","3233.0","2987.0","3028.0","3025.0","5883.0","5704.0","5582.0","4738.0","2372338","2230199","2263098","2232998","2072312.0","1956418.0","1995164.0","2005559.0","300026.0","273781.0","267934.0","227438.0","663","48.0",
"_E01014505","Chessel Street","3182","2968","3053","2867","2974.0","2765.0","2834.0","2715.0","6695.0","6648.0","7372.0","6131.0","2666802","2498728","2594727","2454078","2352151.0","2206230.0","2292492.0","2221089.0","314651.0","292497.0","302235.0","232989.0","818","38.0",
"_E01014506","Winterstoke Road","4182","4029","4035","4039","3978.0","3833.0","3845.0","3835.0","8769.0","8346.0","8402.0","8842.0","2647402","2505851","2517848","2576865","2410642.0","2280498.0","2299398.0","2346973.0","236760.0","225353.0","218450.0","229891.0","612","26.0",
"_E01014507","Seymour Road","3788","3588","3619","3492","3570.0","3335.0","3386.0","3343.0","5718.0","5960.0","5948.0","4722.0","2572140","2454130","2464698","2420042","2177593.0","2060770.0","2095903.0","2065917.0","394547.0","393360.0","368795.0","354124.0","618","75.0",
"_E01014508","Cricket Ground","4467","4219","4264","4429","4233.0","3983.0","3987.0","4261.0","7319.0","7089.0","7956.0","6813.0","2358316","2227448","2260101","2360570","2065541.0","1943893.0","1965738.0","2122100.0","292775.0","283556.0","294363.0","238470.0","498","35.0",
"_E01014509","Ashley Down","3875","3866","3911","3806","3699.0","3731.0","3808.0","3735.0","6329.0","5935.0","5568.0","5002.0","2666011","3019450","3269560","3311222","2374855.0","2734558.0","2996734.0","3066103.0","291156.0","284892.0","272826.0","245118.0","821","49.0",
"_E01014510","Memorial Stadium","3576","3286","3457","3304","3440.0","3171.0","3358.0","3220.0","6083.0","5595.0","5447.0","4968.0","2703696","2487666","2637565","2534514","2466470.0","2286262.0","2441472.0","2350699.0","237226.0","201404.0","196092.0","183814.0","730","37.0",
"_E01014511","Bishop Road","3865","3586","3589","3599","3826.0","3560.0","3551.0","3574.0","5071.0","4505.0","4930.0","4519.0","1959615","1829019","1837335","1846483","1878481.0","1765951.0","1768319.0","1783220.0","81134.0","63069.0","69016.0","63263.0","499","14.0",
"_E01014512","Somerville Road","4403","4101","3884","4112","4109.0","4000.0","3799.0","3736.0","8547.0","5619.0","5164.0","10033.0","2523047","2362102","2237176","2409898","2198257.0","2159832.0","2051276.0","2058745.0","324790.0","202270.0","185900.0","351153.0","551","35.0",
"_E01014513","St Bonaventures","3811","3591","3542","3657","3662.0","3422.0","3410.0","3546.0","5717.0","5798.0","5375.0","5343.0","2419837","2280133","2266743","2351653","2156868.0","2019205.0","2035606.0","2137916.0","262969.0","260928.0","231137.0","213737.0","603","40.0",
"_E01014514","Radnor Road","3689","3404","3240","3323","3528.0","3262.0","3084.0","3180.0","6516.0","6042.0","6143.0","6146.0","2940203","2866402","2734687","2818237","2660031.0","2606610.0","2470549.0","2566240.0","280172.0","259792.0","264138.0","251998.0","807","41.0",
"_E01014515","Highridge Common","4442","4099","4291","4027","4304.0","4027.0","4215.0","3972.0","6724.0","5334.0","5458.0","4884.0","2647476","2471674","2591977","2424216","2418847.0","2295641.0","2390019.0","2248391.0","228629.0","176032.0","201958.0","175825.0","566","36.0",
"_E01014516","Four Acres","3916","3862","3828","3736","3752.0","3753.0","3687.0","3552.0","5662.0","4979.0","5284.0","5718.0","2416220","2386915","2373500","2368684","2116129.0","2113098.0","2082905.0","2059911.0","300091.0","273818.0","290595.0","308773.0","580","54.0",
"_E01014517","Sherrin Way","4190","3835","3911","3827","3958.0","3716.0","3861.0","3736.0","6985.0","5249.0","4490.0","4926.0","2136851","1982620","2037437","2047577","1864443.0","1772672.0","1853366.0","1845616.0","272408.0","209948.0","184071.0","201961.0","494","41.0",
"_E01014518","Ilchester Crescent","4079","3391","3606","3512","3712.0","3247.0","3444.0","3374.0","8656.0","5352.0","6041.0","5386.0","2859092","2529530","2725851","2708127","2409006.0","2256584.0","2441945.0","2422681.0","450086.0","272946.0","283906.0","285446.0","718","53.0",
"_E01014519","Bedminster Down","4044","3757","3914","3963","3945.0","3608.0","3710.0","3798.0","4810.0","4877.0","5358.0","5125.0","2300772","2148827","2250398","2282930","1988125.0","1822092.0","1870013.0","1913919.0","312647.0","326735.0","380385.0","369011.0","504","72.0",
"_E01014520","Bridgwater Road","4257","3940","3953","3870","4077.0","3774.0","3790.0","3728.0","8394.0","8301.0","8078.0","7608.0","2848079","2679409","2692193","2643245","2613046.0","2471889.0","2482161.0","2453043.0","235033.0","207520.0","210032.0","190202.0","658","25.0",
"_E01014521","Kings Head Park","3982","3849","3860","3805","3876.0","3746.0","3766.0","3721.0","7222.0","7275.0","6986.0","6443.0","2146159","2097885","2119077","2100386","2023390.0","1981489.0","2007301.0","1990857.0","122769.0","116396.0","111775.0","109529.0","535","17.0",
"_E01014522","Highridge","3764","3395","3514","3479","3574.0","3249.0","3330.0","3298.0","6071.0","5090.0","5747.0","5851.0","2812021","2532581","2632270","2644148","2465977.0","2232251.0","2304666.0","2328222.0","346044.0","300330.0","327604.0","315926.0","706","54.0",
"_E01014523","Allison Road","4288","4092","4027","3901","3926.0","3788.0","3749.0","3605.0","6872.0","6323.0","6130.0","6333.0","2444142","2316212","2279000","2266233","1963083.0","1886223.0","1874436.0","1867229.0","481059.0","429989.0","404564.0","399004.0","518","63.0",
"_E01014524","Birchwood Road","3878","3704","3775","3645","3822.0","3674.0","3717.0","3563.0","4907.0","4297.0","4781.0","5011.0","2389102","2292778","2344329","2274239","2232077.0","2163878.0","2181778.0","2098872.0","157026.0","128900.0","162551.0","175367.0","589","35.0",
"_E01014525","Manworthy Road","3564","3654","3694","3544","3437.0","3552.0","3615.0","3486.0","5761.0","5341.0","5042.0","4526.0","2345142","2444491","2474904","2399253","2137738.0","2241535.0","2288354.0","2227250.0","207404.0","202956.0","186550.0","172003.0","639","38.0",
"_E01014526","Broomhill Road","3692","3423","3532","3489","3479.0","3273.0","3495.0","3402.0","6846.0","5597.0","4059.0","4785.0","2569320","2375835","2447477","2428552","2268098.0","2123973.0","2264829.0","2217996.0","301222.0","251862.0","182648.0","210556.0","652","44.0",
"_E01014527","School Road","3384","3422","3647","3572","3063.0","3109.0","3360.0","3324.0","5187.0","5301.0","5386.0","5088.0","2284205","2398573","2552665","2518195","1755144.0","1868483.0","2019463.0","2014468.0","529061.0","530090.0","533202.0","503727.0","606","99.0",
"_E01014528","Newbridge Road","4038","3775","3847","3604","3549.0","3389.0","3458.0","3230.0","6754.0","5979.0","6107.0","5807.0","2834389","2661460","2723907","2558682","2111758.0","2033653.0","2088764.0","1960611.0","722631.0","627807.0","635143.0","598071.0","607","103.0",
"_E01014529","St Annes Park","3942","3835","3969","3855","3663.0","3515.0","3752.0","3652.0","5034.0","5079.0","4873.0","4692.0","2463578","2385179","2496703","2440510","1824275.0","1740146.0","1902228.0","1858713.0","639303.0","645033.0","594475.0","581797.0","509","124.0",
"_E01014530","Wootton Road","4083","3837","3825","3859","3397.0","3252.0","3272.0","3272.0","6531.0","6051.0","5891.0","6098.0","2853992","2773927","2700354","2728586","1854785.0","1860181.0","1822598.0","1832208.0","999207.0","913745.0","877756.0","896378.0","560","147.0",
"_E01014531","Sandy Park Road","3667","3553","3401","3270","3493.0","3427.0","3263.0","3170.0","6689.0","5879.0","5917.0","5075.0","2841583","2838931","2737878","2635257","2560658.0","2597895.0","2489378.0","2422129.0","280925.0","241036.0","248500.0","213128.0","764","42.0",
"_E01014532","Sandholme Road","3478","3256","3401","3207","3357.0","3142.0","3300.0","3147.0","6087.0","6160.0","5604.0","4663.0","2201607","2070831","2186539","2084743","2031159.0","1922997.0","2029633.0","1963503.0","170449.0","147834.0","156906.0","121241.0","624","26.0",
"_E01014533","Bath Road","4293","4144","4022","3949","3987.0","3875.0","3753.0","3766.0","6256.0","5950.0","5800.0","5125.0","2636053","2627138","2570268","2543269","2116841.0","2139203.0","2083055.0","2097429.0","519212.0","487935.0","487213.0","445840.0","557","87.0",
"_E01014534","Kensington Park","3968","3875","3812","3634","3862.0","3768.0","3730.0","3547.0","5708.0","5525.0","5213.0","5061.0","2615109","2545564","2550053","2464052","2398218.0","2324549.0","2357168.0","2266668.0","216891.0","221016.0","192885.0","197383.0","639","39.0",
"_E01014535","Callington Road","4387","4167","4042","3910","4251.0","3975.0","3893.0","3763.0","7546.0","8640.0","7693.0","7520.0","3286233","3137675","3092123","2991220","3052321.0","2869839.0","2861347.0","2765623.0","233912.0","267836.0","230776.0","225598.0","735","30.0",
"_E01014536","Hicks Gate","3591","3388","3474","3431","3244.0","3111.0","3179.0","3208.0","5925.0","5280.0","5547.0","5009.0","2575002","2436146","2508223","2473456","2024018.0","1950416.0","2009005.0","2027647.0","550984.0","485729.0","499219.0","445809.0","632","89.0",
"_E01014537","Eldonwall","3770","3552","3570","3492","3578.0","3380.0","3420.0","3363.0","5753.0","5391.0","5184.0","4904.0","2861689","2781185","2816412","2755386","2476225.0","2419965.0","2469096.0","2431731.0","385464.0","361220.0","347316.0","323655.0","723","66.0",
"_E01014538","Woodland Road","4176","3788","3805","3719","3695.0","3244.0","3312.0","3413.0","6033.0","5993.0","5803.0","5035.0","3089984","2814272","2865246","2837807","2172945.0","1933266.0","2000584.0","2112792.0","917039.0","881007.0","864662.0","725015.0","619","144.0",
"_E01014539","Kingsdown Parade","4069","3993","3789","3801","3570.0","3456.0","3333.0","3359.0","6493.0","6567.0","6163.0","6143.0","3316031","3262364","3103351","3112862","2413550.0","2336383.0","2289877.0","2314305.0","902480.0","925981.0","813473.0","798557.0","689","130.0",
"_E01014540","City Centre and Queens Square","4365","4477","4598","4606","3979.0","4172.0","4302.0","4263.0","7898.0","6865.0","6801.0","7295.0","3941556","5304679","5319406","5371024","3238639.0","4384803.0","4387651.0","4408141.0","702916.0","919877.0","931755.0","962882.0","1034","132.0",
"_E01014541","St James Barton","4608","4398","4270","4047","2772.0","2620.0","2541.0","2520.0","5914.0","5680.0","5687.0","5547.0","5534737","5251694","5422940","5511879","1383112.0","1309741.0","1453664.0","1701154.0","4151626.0","3941953.0","3969276.0","3810725.0","675","687.0",
"_E01014542","University","4647","4666","4839","4549","3832.0","4066.0","4283.0","4140.0","7525.0","6588.0","6665.0","5914.0","4674862","4315739","4562784","4298641","3004262.0","2866423.0","3096483.0","3009437.0","1670601.0","1449316.0","1466301.0","1289204.0","727","218.0",
"_E01014543","City Centre and Harbourside","4607","4274","4485","4433","3463.0","3137.0","3358.0","3469.0","7298.0","7562.0","7686.0","7472.0","7444565","7953468","8283506","8962944","3926884.0","4339074.0","4586744.0","5324156.0","3517681.0","3614394.0","3696762.0","3638788.0","1535","487.0",
"_E01014544","Clifton Down","4972","3932","4685","4531","4485.0","4310.0","4271.0","4229.0","7634.0","1782.0","7106.0","6342.0","2953647","2343625","2820484","2718810","2251311.0","2185048.0","2195139.0","2173432.0","702336.0","158577.0","625345.0","545378.0","514","86.0",
"_E01014545","Clifton College","5068","4949","4868","4942","4546.0","4494.0","4407.0","4551.0","7092.0","6739.0","6660.0","6490.0","4348747","4251183","4142260","4210877","3100469.0","3078538.0","2983357.0","3094632.0","1248279.0","1172644.0","1158903.0","1116245.0","680","172.0",
"_E01014546","Clifton Central","3980","3907","4002","3950","3579.0","3486.0","3643.0","3609.0","5754.0","5918.0","5723.0","5580.0","3192182","3301016","3429506","3377190","2340563.0","2436950.0","2582540.0","2551342.0","851620.0","864066.0","846966.0","825848.0","707","148.0",
"_E01014547","Clifton Village","3666","3516","3493","3439","3405.0","3194.0","3228.0","3186.0","6085.0","6564.0","6037.0","5877.0","3611326","3449618","3405414","3363408","3027125.0","2832621.0","2850047.0","2822736.0","584201.0","616997.0","555368.0","540672.0","886","92.0",
"_E01014548","Hotwells","4149","3998","3979","3701","3669.0","3436.0","3511.0","3267.0","5404.0","5522.0","5296.0","4984.0","3613809","3546187","3533736","3282686","2311334.0","2226453.0","2299828.0","2166281.0","1302475.0","1319734.0","1233908.0","1116405.0","663","224.0",
"_E01014549","Cliftonwood","4838","4641","4726","4587","3706.0","3538.0","3662.0","3630.0","7254.0","7044.0","7089.0","6727.0","2926816","2817292","2877851","2775100","1526868.0","1471881.0","1537957.0","1517251.0","1399948.0","1345411.0","1339893.0","1257849.0","418","187.0",
"_E01014550","Hotwells East","3747","3784","3648","3665","3497.0","3533.0","3423.0","3384.0","6679.0","6730.0","6257.0","6772.0","3245086","3277071","3250777","3272480","2790895.0","2819402.0","2806563.0","2771335.0","454190.0","457669.0","444214.0","501146.0","819","74.0",
"_E01014551","Oakfield Grove","3827","3836","3787","3531","3527.0","3614.0","3504.0","3286.0","5628.0","5215.0","5521.0","5033.0","3214791","3214230","3184849","2979753","2539455.0","2609269.0","2533373.0","2385814.0","675336.0","604961.0","651477.0","593939.0","726","118.0",
"_E01014552","Alma Road","4274","4002","4122","3939","3889.0","3672.0","3741.0","3609.0","6542.0","6043.0","6453.0","5988.0","3675931","3442139","3556860","3431038","2858120.0","2716981.0","2776069.0","2706549.0","817812.0","725158.0","780791.0","724489.0","750","121.0",
"_E01014553","Whatley Road","4177","4120","3891","4068","3617.0","3637.0","3587.0","3780.0","6963.0","6558.0","5499.0","5609.0","3395911","3341075","3128420","3307009","2448897.0","2462329.0","2424528.0","2589008.0","947015.0","878746.0","703893.0","718002.0","685","128.0",
"_E01014554","Queens Road","3281","3209","3181","3215","2957.0","2865.0","2863.0","2875.0","5871.0","6083.0","5897.0","6066.0","2887515","2765906","2789971","2838440","2312194.0","2206278.0","2247494.0","2268233.0","575321.0","559628.0","542477.0","570206.0","789","94.0",
"_E01014555","Lower Clifton Hill","3171","3121","3136","2912","2840.0","2818.0","2879.0","2657.0","5220.0","5025.0","4962.0","4802.0","2625351","2634243","2549281","2381671","2025053.0","2051342.0","2053078.0","1915882.0","600298.0","582901.0","496204.0","465789.0","721","97.0",
"_E01014556","Worral Road","4252","4098","4023","4008","3683.0","3507.0","3532.0","3489.0","6002.0","5964.0","5652.0","5750.0","4086485","3967181","3922662","3911851","2670006.0","2577485.0","2645386.0","2623853.0","1416479.0","1389696.0","1277276.0","1287998.0","752","224.0",
"_E01014557","Cotham Park","4430","3950","4018","4105","4206.0","3687.0","3904.0","3966.0","6545.0","6375.0","5045.0","5408.0","2914922","2579622","2660032","2725470","2502609.0","2171634.0","2327062.0","2379348.0","412313.0","407989.0","332971.0","346122.0","600","64.0",
"_E01014558","Cotham Hill","3684","3628","3437","3622","3261.0","3197.0","3104.0","3138.0","6697.0","7001.0","6196.0","7709.0","2873571","2883876","2777397","2941460","2230682.0","2253752.0","2238343.0","2278454.0","642888.0","630124.0","539055.0","663007.0","726","86.0",
"_E01014559","Lower Redland Road","4384","4185","3970","3854","4085.0","3895.0","3747.0","3579.0","6066.0","5781.0","5311.0","5646.0","3687227","3519212","3378198","3272287","2916841.0","2773502.0","2735599.0","2634295.0","770386.0","745709.0","642599.0","637992.0","736","113.0",
"_E01014560","Clyde Road","3710","3500","3380","3305","3425.0","3312.0","3147.0","3121.0","5572.0","4698.0","4902.0","4518.0","2990151","2817296","2744585","2680700","2393914.0","2305175.0","2215222.0","2197284.0","596237.0","512120.0","529363.0","483416.0","704","107.0",
"_E01014561","Redland Grove","4018","3774","3606","3658","3452.0","3282.0","3135.0","3213.0","7482.0","6779.0","6451.0","6386.0","3318502","3087048","2968057","3025244","2450642.0","2307471.0","2213322.0","2284500.0","867860.0","779577.0","754734.0","740744.0","711","116.0",
"_E01014562","Kensington Road","4227","3864","3849","3892","4107.0","3751.0","3776.0","3863.0","5651.0","5204.0","4750.0","4230.0","2730614","2484607","2505990","2565011","2448064.0","2224385.0","2273256.0","2345061.0","282550.0","260222.0","232733.0","219950.0","607","52.0",
"_E01014563","Cotham Brow","3504","3209","3160","3180","3219.0","2964.0","2987.0","2974.0","5853.0","5316.0","4633.0","5012.0","2820527","2557365","2568687","2604490","2311312.0","2116121.0","2174866.0","2188524.0","509215.0","441245.0","393822.0","415966.0","736","83.0",
"_E01014564","Chelsea Park","3387","2987","2955","3319","3288.0","2857.0","2855.0","3235.0","5079.0","5333.0","4645.0","4800.0","2455746","2222271","2201798","2476082","2252580.0","2014290.0","2006718.0","2284084.0","203166.0","207982.0","195081.0","191998.0","706","40.0",
"_E01014565","Gilbert Road","3819","3756","3507","3547","3350.0","3316.0","3082.0","3238.0","5752.0","5628.0","5346.0","4862.0","2971199","2978795","2805361","2866174","2096833.0","2129027.0","2003412.0","2117456.0","874366.0","849768.0","801948.0","748718.0","654","154.0",
"_E01014566","Church Road","3687","3294","3227","3287","3229.0","2955.0","2883.0","2975.0","5623.0","4721.0","4729.0","4705.0","3163320","2826357","2803985","2915682","2241128.0","2047457.0","2037946.0","2162898.0","922192.0","778899.0","766039.0","752784.0","727","160.0",
"_E01014567","Netham","3359","3191","3112","3085","3160.0","2969.0","2979.0","2943.0","5984.0","6163.0","4903.0","4940.0","2915263","2846005","2800533","2733369","2550228.0","2463881.0","2496519.0","2422179.0","365034.0","382124.0","304014.0","311190.0","823","63.0",
"_E01014568","St Marks Road","3736","3323","3286","3319","3434.0","2980.0","2993.0","3041.0","7023.0","6420.0","6122.0","5924.0","3773277","3432287","3443278","3478289","3176316.0","2771044.0","2843358.0","2879977.0","596961.0","661244.0","599920.0","598312.0","947","101.0",
"_E01014569","Robertson Road","3738","3382","3421","3215","3501.0","3173.0","3232.0","3006.0","7356.0","6525.0","6363.0","6588.0","3162670","2925832","3013558","2870950","2780163.0","2573499.0","2676341.0","2528365.0","382506.0","352333.0","337217.0","342586.0","841","52.0",
"_E01014570","Whitehall","3337","3145","3190","3172","3211.0","3006.0","3054.0","3043.0","5473.0","5664.0","5585.0","5495.0","2702925","2584973","2612804","2600878","2456659.0","2341418.0","2367082.0","2364574.0","246266.0","243555.0","245722.0","236303.0","777","43.0",
"_E01014571","Whitefield Fishponds","4135","3864","3816","3915","3688.0","3434.0","3443.0","3556.0","6387.0","6097.0","5804.0","5849.0","2696310","2531208","2583358","2650439","2006473.0","1884980.0","1962359.0","2030450.0","689837.0","646229.0","620999.0","619988.0","571","106.0",
"_E01014572","Fishponds Road","3870","3760","3848","3601","3675.0","3519.0","3543.0","3436.0","5538.0","5757.0","6610.0","5170.0","2933132","2895025","3020371","2837204","2495610.0","2417192.0","2504795.0","2449479.0","437522.0","477833.0","515575.0","387725.0","713","75.0",
"_E01014573","Upper Eastville","4592","4354","4316","4076","3901.0","3744.0","3736.0","3573.0","6316.0","5937.0","5806.0","5390.0","3834287","3644564","3651489","3460654","2324700.0","2261190.0","2275503.0","2194018.0","1509587.0","1383374.0","1375986.0","1266636.0","614","235.0",
"_E01014574","Greenbank","4087","3778","3670","3602","3359.0","3056.0","3111.0","3067.0","6087.0","5764.0","5290.0","5161.0","3993447","3743644","3746876","3706897","2404778.0","2222033.0","2361010.0","2349538.0","1588669.0","1521611.0","1385866.0","1357360.0","766","263.0",
"_E01014575","Eastville Park","3589","3586","3370","3376","3415.0","3487.0","3261.0","3193.0","5611.0","4742.0","4724.0","5714.0","2404611","2438598","2311502","2325978","2107240.0","2182534.0","2070574.0","2040275.0","297371.0","256063.0","240928.0","285703.0","639","50.0",
"_E01014576","Rose Green","3748","3588","3719","3640","3470.0","3332.0","3486.0","3405.0","5838.0","5570.0","5500.0","5428.0","3166754","3042683","3142950","3071966","2588819.0","2502402.0","2603918.0","2540047.0","577936.0","540280.0","539033.0","531919.0","746","98.0",
"_E01014577","Stapleton","4613","4183","4331","4337","4325.0","3950.0","4047.0","4067.0","6979.0","6190.0","6811.0","6775.0","3109090","2819294","2906003","2918505","2599597.0","2385991.0","2436026.0","2464616.0","509493.0","433304.0","469977.0","453889.0","606","67.0",
"_E01014578","Wedmore Vale","4256","3837","4083","3739","4182.0","3776.0","4028.0","3696.0","5440.0","4930.0","5012.0","4544.0","2958139","2678073","2862148","2624526","2735089.0","2495651.0","2666664.0","2465503.0","223050.0","182422.0","195484.0","159023.0","667","35.0",
"_E01014579","Novers","3931","4165","4099","4028","3768.0","4068.0","3892.0","3868.0","6532.0","5715.0","7313.0","6641.0","2256545","2453410","2377309","2368373","2034471.0","2253397.0","2121349.0","2142577.0","222074.0","200013.0","255960.0","225796.0","554","34.0",
"_E01014580","Inns Court","4197","3936","3849","3974","3903.0","3664.0","3582.0","3782.0","5759.0","5348.0","5194.0","4948.0","2988561","2798794","2744501","2845468","2337767.0","2183804.0","2131562.0","2261653.0","650794.0","614989.0","612939.0","583815.0","598","118.0",
"_E01014581","Filwood Broadway","3828","3881","4021","3873","3652.0","3713.0","3857.0","3696.0","5583.0","5529.0","5824.0","5692.0","2568377","2600233","2661613","2572003","2227837.0","2257450.0","2341322.0","2236163.0","340540.0","342783.0","320291.0","335841.0","605","59.0",
"_E01014582","Leinster Avenue","4084","4327","3948","3968","4041.0","4226.0","3860.0","3912.0","4676.0","5758.0","5252.0","4792.0","2099162","2241235","2139578","2146935","1935495.0","2045461.0","1961007.0","1979228.0","163667.0","195774.0","178571.0","167707.0","506","35.0",
"_E01014583","Throgmorton Road","4093","3813","3930","3887","4079.0","3806.0","3914.0","3905.0","4335.0","3943.0","4235.0","3590.0","2238957","2085730","2181390","2153286","2104567.0","1971382.0","2058588.0","2038409.0","134390.0","114348.0","122801.0","114877.0","522","32.0",
"_E01014584","Glyn Vale","4611","4379","4176","4177","4548.0","4253.0","4127.0","4162.0","5498.0","6474.0","4915.0","4404.0","2277941","2167421","2067223","2084499","2096513.0","1986144.0","1914847.0","1947986.0","181427.0","181277.0","152376.0","136514.0","468","31.0",
"_E01014585","Ilminster Avenue West","3796","3537","3502","3931","3656.0","3439.0","3439.0","3860.0","5922.0","5283.0","4563.0","5106.0","2345646","2412052","2388198","2778908","2120608.0","2221861.0","2214799.0","2574671.0","225038.0","190191.0","173399.0","204237.0","667","40.0",
"_E01014586","Oldbury Court","4644","4386","4410","4360","3762.0","3549.0","3493.0","3482.0","7443.0","7031.0","7426.0","7282.0","3255478","3065611","3100349","3073991","2005021.0","1884473.0","1882572.0","1886996.0","1250457.0","1181138.0","1217777.0","1186995.0","542","163.0",
"_E01014587","Broomhill","3986","3981","3821","3720","3597.0","3681.0","3569.0","3422.0","5441.0","5137.0","4840.0","4934.0","2435394","2448557","2369128","2317729","1733522.0","1796162.0","1773863.0","1710798.0","701873.0","652394.0","595264.0","606931.0","500","123.0",
"_E01014588","Blackberry Hill","3889","3730","3602","3512","3358.0","3203.0","3160.0","3140.0","7788.0","7487.0","6660.0","5867.0","2885986","2942717","2852522","2855585","2192852.0","2216503.0","2186518.0","2204321.0","693134.0","726214.0","666004.0","651263.0","702","111.0",
"_E01014589","Gill Avenue","3426","3089","3394","3303","3112.0","2784.0","3137.0","3065.0","5722.0","5388.0","5307.0","5135.0","2275036","2057177","2263994","2206512","1817254.0","1636941.0","1844719.0","1811096.0","457781.0","420237.0","419275.0","395416.0","591","77.0",
"_E01014590","Fishponds","4434","4168","4106","4171","3831.0","3673.0","3610.0","3666.0","6866.0","6303.0","6294.0","6442.0","3258687","3163823","3112337","3165433","2256236.0","2262545.0","2231146.0","2276506.0","1002450.0","901278.0","881190.0","888928.0","621","138.0",
"_E01014591","Downend West","3985","3750","3644","3659","3635.0","3469.0","3426.0","3443.0","6714.0","6019.0","5524.0","5562.0","3159929","2959071","2977220","2989136","2555701.0","2435437.0","2507714.0","2527453.0","604228.0","523634.0","469506.0","461682.0","734","83.0",
"_E01014592","Staple Hill Road North","3897","3664","3628","3673","3498.0","3322.0","3342.0","3384.0","8291.0","7471.0","6812.0","6960.0","2626326","2488034","2463688","2497746","2162047.0","2069679.0","2082209.0","2114938.0","464278.0","418355.0","381479.0","382808.0","625","55.0",
"_E01014593","Fulford Road North","3818","4105","3990","4079","3727.0","4023.0","3937.0","4011.0","5445.0","5600.0","4954.0","5270.0","2244828","2438572","2370330","2414609","2076031.0","2264966.0","2216751.0","2245958.0","168797.0","173607.0","153580.0","168650.0","560","32.0",
"_E01014594","Whitchurch Lane","3649","3714","3634","3687","3607.0","3657.0","3599.0","3690.0","4926.0","5110.0","4309.0","3637.0","2517702","2573631","2507596","2544036","2409323.0","2435667.0","2361093.0","2420378.0","108379.0","137964.0","146504.0","123658.0","656","34.0",
"_E01014595","Withywood","3829","3910","3497","3746","3719.0","3816.0","3407.0","3646.0","5522.0","5241.0","4743.0","5120.0","2381572","2435800","2213877","2371187","2171752.0","2220904.0","2009947.0","2151031.0","209819.0","214897.0","203931.0","220155.0","590","43.0",
"_E01014596","Fair Furlong","4252","4142","4401","4352","4234.0","4093.0","4382.0","4307.0","4681.0","5354.0","4842.0","5426.0","2517024","2439530","2605518","2576490","2404687.0","2316381.0","2484463.0","2446276.0","112338.0","123149.0","121055.0","130214.0","568","24.0",
"_E01014597","Bishport Avenue West","3840","3762","3841","3672","3755.0","3682.0","3764.0","3625.0","5742.0","5496.0","5328.0","4594.0","2503821","2557868","2577533","2478875","2343040.0","2392981.0","2401703.0","2327273.0","160780.0","164887.0","175829.0","151602.0","642","33.0",
"_E01014598","Imperial Park","4063","3887","3901","3737","3873.0","3723.0","3734.0","3602.0","9261.0","8462.0","8794.0","7902.0","2535580","2468079","2485066","2383895","2331842.0","2281922.0","2300402.0","2225854.0","203738.0","186157.0","184664.0","158041.0","618","20.0",
"_E01014599","Headley Park","4178","4050","4141","3824","3903.0","3766.0","3819.0","3546.0","6878.0","7247.0","7948.0","7463.0","2256208","2183196","2331612","2267347","1912318.0","1864314.0","1981906.0","1953914.0","343890.0","318882.0","349706.0","313433.0","551","42.0",
"_E01014600","Whitchurch Road","4228","4088","4153","4080","4098.0","3922.0","4045.0","3970.0","6393.0","6979.0","5883.0","5853.0","2392946","2322252","2267470","2227858","2188358.0","2105914.0","2079205.0","2040552.0","204587.0","216338.0","188265.0","187306.0","514","32.0",
"_E01014601","Brentry West","3900","3592","3718","3715","3708.0","3447.0","3540.0","3557.0","6915.0","5916.0","6572.0","6122.0","2660036","2446428","2539304","2533372","2376511.0","2209787.0","2276433.0","2276247.0","283525.0","236641.0","262871.0","257125.0","640","42.0",
"_E01014602","Henbury","3543","3129","3222","3269","3278.0","2872.0","3072.0","3190.0","5505.0","5090.0","4370.0","3879.0","2954455","2619260","2700291","2742778","2409505.0","2125530.0","2276387.0","2370372.0","544951.0","493731.0","423904.0","372406.0","743","96.0",
"_E01014603","Brentry East","3947","3584","3617","3626","3617.0","3321.0","3401.0","3323.0","8507.0","7114.0","6583.0","7685.0","3922869","3616059","3681790","3705741","3352902.0","3118065.0","3227575.0","3160098.0","569967.0","497994.0","454215.0","545644.0","951","71.0",
"_E01014604","Blaise Hamlet","4816","4414","4263","4170","4234.0","3792.0","3687.0","3682.0","8200.0","8487.0","8536.0","8219.0","3048760","2899712","3052241","3181363","2286143.0","2161349.0","2326710.0","2507431.0","762617.0","738363.0","725532.0","673933.0","681","82.0",
"_E01014605","Crow Lane","3136","2925","2791","2918","3036.0","2775.0","2649.0","2852.0","4480.0","4986.0","4595.0","3766.0","2580945","2497810","2413889","2512375","2325586.0","2208625.0","2124398.0","2278903.0","255359.0","289186.0","289491.0","233472.0","799","62.0",
"_E01014606","Blaise Castle","4212","4020","3943","4008","3653.0","3473.0","3448.0","3584.0","7324.0","7166.0","6787.0","6459.0","3735690","3665884","3592300","3667401","2747007.0","2698417.0","2676027.0","2795490.0","988684.0","967467.0","916273.0","871911.0","780","135.0",
"_E01014607","Hengrove Park","4169","3904","3822","3730","4063.0","3788.0","3689.0","3632.0","5734.0","5817.0","5876.0","5249.0","2242781","2127439","2136249","2085197","2047834.0","1947104.0","1936476.0","1906726.0","194946.0","180335.0","199774.0","178471.0","525","34.0",
"_E01014608","Hengrove West","4397","4254","4161","3974","3766.0","3738.0","3632.0","3513.0","6918.0","6384.0","6794.0","6359.0","2941774","2837224","3133434","2996175","2014723.0","2007342.0","2277383.0","2220377.0","927052.0","829882.0","856051.0","775799.0","632","122.0",
"_E01014609","Two Acres","5061","4505","4717","4345","3899.0","3451.0","3893.0","3597.0","7238.0","6820.0","6432.0","6059.0","3694545","3500106","3315744","3076081","1856054.0","1842842.0","1849190.0","1773333.0","1838491.0","1657264.0","1466555.0","1302748.0","493","215.0",
"_E01014610","Wharnecliffe Gardens","3584","3380","3379","3434","3373.0","3083.0","3128.0","3172.0","4561.0","4739.0","4550.0","4668.0","2583799","2450255","2456229","2509935","1999932.0","1834206.0","1873774.0","1912494.0","583867.0","616049.0","582456.0","597441.0","603","128.0",
"_E01014611","Fortfield West","4172","4102","4016","3933","3943.0","3882.0","3817.0","3806.0","7710.0","7575.0","7353.0","6077.0","2406971","2415895","2357393","2320526","2137118.0","2150773.0","2114736.0","2119988.0","269854.0","265122.0","242658.0","200538.0","557","33.0",
"_E01014612","Fortfield East","4352","3925","3793","3925","3799.0","3577.0","3448.0","3637.0","9268.0","6956.0","6936.0","6644.0","2841806","2558826","2488444","2575103","2230103.0","2092758.0","2037624.0","2156506.0","611704.0","466069.0","450820.0","418597.0","593","63.0",
"_E01014613","Hengrove Lane","4117","3880","3944","3895","3794.0","3501.0","3605.0","3613.0","6953.0","7348.0","7194.0","6767.0","2655505","2518027","2670299","2656506","2196586.0","2047767.0","2209898.0","2243729.0","458919.0","470260.0","460401.0","412777.0","621","61.0",
"_E01014614","Hengrove East","4328","4285","4115","4052","4207.0","4155.0","3986.0","3889.0","6067.0","6165.0","5981.0","6424.0","2263709","2262358","2172693","2139427","2057430.0","2052741.0","1969329.0","1921011.0","206279.0","209617.0","203364.0","218416.0","494","34.0",
"_E01014615","Golden Hill","4213","4013","4059","4029","4145.0","3965.0","4005.0","4006.0","7368.0","6089.0","6354.0","5028.0","2595138","2483856","2504254","2498105","2499355.0","2398615.0","2415298.0","2427714.0","95782.0","85241.0","88956.0","70392.0","606","14.0",
"_E01014616","Henleaze West","5268","4914","5111","4993","4345.0","4173.0","4416.0","4449.0","7633.0","6850.0","6970.0","6472.0","3903607","3641047","3812699","3714663","2315844.0","2236763.0","2397878.0","2420332.0","1587763.0","1404284.0","1414821.0","1294332.0","544","200.0",
"_E01014617","West Broadway","4382","4120","4072","4103","4339.0","4079.0","4044.0","4047.0","5525.0","5218.0","4833.0","5658.0","2326782","2183445","2174665","2215721","2221807.0","2084307.0","2082841.0","2108219.0","104975.0","99138.0","91824.0","107502.0","521","19.0",
"_E01014618","Henleaze North","4285","4139","4132","4133","4191.0","4003.0","4033.0","4045.0","6613.0","7713.0","6639.0","6583.0","2772175","2694708","2726800","2739986","2606839.0","2509609.0","2560820.0","2588580.0","165336.0","185099.0","165980.0","151406.0","640","23.0",
"_E01014619","North View","4498","4188","4275","4297","4301.0","3955.0","4080.0","4151.0","6541.0","6767.0","6422.0","6129.0","2765985","2575786","2667441","2676938","2412745.0","2230669.0","2333480.0","2394994.0","353240.0","345117.0","333961.0","281944.0","577","46.0",
"_E01014620","Henleaze South","4429","4222","4129","4132","3983.0","3777.0","3752.0","3780.0","8210.0","7940.0","7276.0","7130.0","2936370","2803561","2741398","2752150","2361640.0","2239856.0","2224830.0","2253043.0","574730.0","563704.0","516568.0","499107.0","596","70.0",
"_E01014621","Westbury Park North","4675","4526","4379","4405","4387.0","4245.0","4112.0","4185.0","6930.0","6688.0","6512.0","6197.0","2804947","2756444","2675503","2704472","2333715.0","2288257.0","2232678.0","2289266.0","471232.0","468186.0","442826.0","415207.0","547","67.0",
"_E01014622","Hillfields West","3954","3723","3666","3693","3793.0","3592.0","3556.0","3604.0","6029.0","5420.0","5142.0","4902.0","2629367","2497918","2478461","2499847","2339981.0","2237780.0","2236812.0","2274357.0","289386.0","260138.0","241649.0","225490.0","631","46.0",
"_E01014623","Mayfield Park","4094","3595","3786","3844","3830.0","3443.0","3538.0","3573.0","7289.0","5519.0","7042.0","7033.0","2575216","2264796","2411468","2456045","2225350.0","2010941.0","2094561.0","2104385.0","349866.0","253856.0","316907.0","351660.0","589","50.0",
"_E01014624","Lodge Hill","3874","3680","3866","3785","3736.0","3604.0","3765.0","3716.0","6174.0","5124.0","5849.0","5089.0","2518345","2484143","2625148","2577541","2289901.0","2309941.0","2432133.0","2404531.0","228444.0","174202.0","193015.0","173010.0","647","34.0",
"_E01014625","Hillfields East","3895","3710","3885","3781","3691.0","3507.0","3708.0","3589.0","7647.0","7320.0","6969.0","7023.0","2563075","2437389","2572139","2510336","2303076.0","2181183.0","2321261.0","2250469.0","259999.0","256205.0","250878.0","259867.0","627","37.0",
"_E01014626","Speedwell","3239","3160","3265","3105","3006.0","2901.0","3027.0","2891.0","6940.0","7644.0","7680.0","7472.0","2684861","2714583","2935342","2993292","2344789.0","2355312.0","2582048.0","2657061.0","340072.0","359271.0","353294.0","336231.0","919","45.0",
"_E01014627","Chester Park","4204","4060","3948","3818","3760.0","3609.0","3517.0","3454.0","5696.0","5642.0","5439.0","5110.0","3846914","3787895","3714797","3596467","2650727.0","2620076.0","2567218.0","2538808.0","1196187.0","1167819.0","1147579.0","1057660.0","735","207.0",
"_E01014628","Staple Hill Road South","3543","3243","3404","3393","3361.0","3075.0","3175.0","3211.0","6569.0","6035.0","7338.0","6546.0","2242915","2059034","2168468","2178381","2006446.0","1841793.0","1911645.0","1949264.0","236469.0","217241.0","256823.0","229117.0","607","35.0",
"_E01014629","Hillfields North","3953","3652","3888","3860","3917.0","3588.0","3870.0","3805.0","4920.0","5413.0","4348.0","5160.0","2225296","2077836","2208182","2207771","2126893.0","1969569.0","2116881.0","2089082.0","98403.0","108267.0","91301.0","118689.0","549","23.0",
"_E01014630","Sheridan Road","3378","3116","3030","2954","3345.0","3045.0","2968.0","2879.0","4418.0","5483.0","4752.0","5213.0","3114339","2794827","2717656","2652750","2990634.0","2652263.0","2570340.0","2501570.0","123706.0","142564.0","147316.0","151180.0","869","29.0",
"_E01014631","Monks Park","3721","3376","3251","3307","3623.0","3263.0","3179.0","3212.0","6139.0","6373.0","5489.0","7251.0","1812251","1674341","1774816","1822420","1695607.0","1559630.0","1681502.0","1728161.0","116644.0","114711.0","93314.0","94259.0","538","13.0",
"_E01014632","Filton Road","4364","4040","3794","3566","3805.0","3543.0","3310.0","3340.0","7180.0","6951.0","7024.0","5412.0","2688191","2383359","2299390","2317906","1955812.0","1785590.0","1744535.0","1933654.0","732379.0","597769.0","554855.0","384252.0","579","71.0",
"_E01014633","Manor Farm","4083","3737","3775","3644","3652.0","3416.0","3481.0","3403.0","9313.0","7751.0","7411.0","6796.0","2788784","2571065","2620007","2616591","2304528.0","2175757.0","2234652.0","2269973.0","484256.0","395308.0","385356.0","346618.0","667","51.0",
"_E01014634","Keys Avenue","3675","3338","3290","3284","3517.0","3178.0","3137.0","3174.0","5905.0","5731.0","5836.0","5242.0","2502697","2346667","2329058","2344482","2236989.0","2094514.0","2095622.0","2145272.0","265708.0","252153.0","233436.0","199210.0","676","38.0",
"_E01014635","Wessex Avenue","3931","3763","3659","3644","3615.0","3579.0","3464.0","3426.0","9485.0","7055.0","7173.0","7562.0","2995556","2916521","2850449","2842091","2606673.0","2627276.0","2556343.0","2532033.0","388883.0","289245.0","294106.0","310058.0","739","41.0",
"_E01014636","Horfield Common","3594","3485","3411","3469","3263.0","3175.0","3221.0","3227.0","6603.0","6457.0","5357.0","6112.0","2360994","2286054","2268207","2314130","1931784.0","1885725.0","1952121.0","1971886.0","429210.0","400330.0","316086.0","342244.0","611","56.0",
"_E01014637","Wellington Hill","4105","3718","3783","3579","3909.0","3539.0","3650.0","3442.0","6786.0","6558.0","5981.0","6018.0","2229173","2067209","2126068","2018582","1978082.0","1850804.0","1934694.0","1838043.0","251091.0","216405.0","191374.0","180540.0","534","30.0",
"_E01014638","Lawrence Weston Parade","3777","3728","3548","3714","3213.0","3240.0","3121.0","3171.0","7014.0","6579.0","6179.0","7102.0","3055537","3086695","3022755","3145491","2213896.0","2290597.0","2287475.0","2314602.0","841641.0","796099.0","735280.0","830889.0","730","117.0",
"_E01014639","Lawrence Weston South","3784","3475","3364","3398","3736.0","3303.0","3289.0","3349.0","4141.0","4749.0","3941.0","3782.0","2516317","2314030","2250517","2266576","2189212.0","1938863.0","1947075.0","1979121.0","327105.0","375166.0","303442.0","287455.0","591","76.0",
"_E01014640","Lawrence Weston East","4179","3928","3982","4014","3940.0","3701.0","3812.0","3906.0","6723.0","6077.0","5694.0","5122.0","2582516","2467053","2504713","2525012","2226183.0","2102408.0","2180181.0","2238181.0","356333.0","364645.0","324532.0","286831.0","573","56.0",
"_E01014641","Coombe Dingle East","4351","4012","4071","4088","4082.0","3810.0","3905.0","3882.0","6866.0","6035.0","5766.0","6419.0","2828412","2596067","2646034","2665540","2395856.0","2240019.0","2311599.0","2325344.0","432556.0","356048.0","334435.0","340196.0","599","53.0",
"_E01014642","Coombe Dingle West","4130","3933","3849","3897","3838.0","3768.0","3708.0","3783.0","6635.0","5383.0","5094.0","4963.0","2651382","2537102","2497774","2525428","2206835.0","2181801.0","2161571.0","2212781.0","444548.0","355301.0","336203.0","312647.0","585","63.0",
"_E01014643","Sea Mills South","4539","4316","4410","4113","4012.0","3909.0","4096.0","3773.0","7336.0","6479.0","6121.0","6031.0","2492011","2369676","2447397","2295087","1853764.0","1805978.0","1921021.0","1788477.0","638247.0","563698.0","526376.0","506610.0","474","84.0",
"_E01014644","Sea Mills North","4309","3943","4026","4070","4139.0","3785.0","3745.0","3895.0","5813.0","5382.0","6589.0","5699.0","2796579","2582861","2653071","2690304","2412946.0","2233005.0","2224806.0","2325553.0","383634.0","349856.0","428265.0","364751.0","597","64.0",
"_E01014645","Red Lion Hill","4286","4053","3948","3965","4138.0","3919.0","3794.0","3843.0","6735.0","6349.0","6670.0","6252.0","3017072","2849589","2806997","2827045","2747688.0","2601985.0","2553524.0","2601973.0","269384.0","247604.0","253473.0","225072.0","677","36.0",
"_E01014646","Knowle Park","4326","4183","4095","4024","4138.0","4026.0","3935.0","3879.0","6776.0","6394.0","6406.0","6273.0","2781834","2710739","2661466","2652088","2470122.0","2435799.0","2392430.0","2401188.0","311712.0","274940.0","269035.0","250901.0","619","40.0",
"_E01014647","Ilminster Avenue East","3920","3724","3837","3821","3812.0","3674.0","3782.0","3761.0","5652.0","4579.0","4797.0","4836.0","2536052","2405813","2490337","2487281","2321281.0","2240973.0","2322441.0","2313191.0","214771.0","164840.0","167896.0","174090.0","615","36.0",
"_E01014648","Upper Knowle","4014","3820","3862","3812","3917.0","3732.0","3798.0","3776.0","5595.0","5369.0","4964.0","4483.0","2785662","2681713","2679986","2649420","2561856.0","2477694.0","2491367.0","2488051.0","223806.0","204019.0","188619.0","161370.0","659","36.0",
"_E01014649","Redcatch","3898","3903","3858","3742","3688.0","3712.0","3703.0","3575.0","6612.0","6198.0","5910.0","6032.0","2716600","2736277","2746586","2649216","2386006.0","2401590.0","2451084.0","2359667.0","330594.0","334687.0","295501.0","289549.0","660","48.0",
"_E01014650","Broadwalk","4138","3929","3691","3829","3992.0","3710.0","3562.0","3662.0","5917.0","6625.0","5354.0","6179.0","2726770","2616765","2454652","2538817","2430934.0","2285525.0","2197660.0","2266949.0","295837.0","331240.0","256992.0","271868.0","619","44.0",
"_E01014651","Talbot Hill","3970","3894","3758","3744","3829.0","3809.0","3607.0","3588.0","6496.0","5491.0","7000.0","7252.0","2639919","2612694","2543842","2538667","2412546.0","2426001.0","2333836.0","2328346.0","227373.0","186693.0","210006.0","210321.0","649","29.0",
"_E01014652","Redcliffe","4628","4617","4508","4479","2872.0","3081.0","2957.0","3010.0","6464.0","6282.0","6190.0","6100.0","6256885","6339802","6248691","6274799","1984332.0","2200118.0","2132319.0","2212129.0","4272554.0","4139683.0","4116372.0","4062670.0","735","666.0",
"_E01014653","Easton Road","4157","3754","3531","3887","3398.0","3222.0","3116.0","3401.0","5570.0","4801.0","4338.0","4830.0","4547518","4287601","4000772","4365293","2419604.0","2439105.0","2330636.0","2520266.0","2127914.0","1848496.0","1670136.0","1845028.0","741","382.0",
"_E01014654","St Judes","4107","3780","3563","3694","3696.0","3424.0","3265.0","3426.0","5589.0","5118.0","4688.0","4665.0","3647145","3379294","3331379","3450256","2568494.0","2417162.0","2412571.0","2508009.0","1078651.0","962132.0","918808.0","942247.0","732","202.0",
"_E01014655","Stapleton Road","3161","3012","2949","2886","2909.0","2797.0","2725.0","2660.0","5188.0","4692.0","4634.0","4574.0","3512377","3367511","3344038","3246583","2874199.0","2771605.0","2727747.0","2638259.0","638178.0","595907.0","616291.0","608325.0","992","133.0",
"_E01014656","Old Market and the Dings","4637","4154","4074","4161","2876.0","2739.0","2973.0","3320.0","6330.0","5675.0","5606.0","5360.0","6538856","7195171","8196390","8546889","1987335.0","2456921.0","3481700.0","4006624.0","4551521.0","4738250.0","4714690.0","4540265.0","1207","847.0",
"_E01014657","Barton Hill Road","3841","3661","3692","3649","2802.0","2704.0","2810.0","2855.0","6012.0","5650.0","5815.0","5597.0","4713008","4476989","4691921","4677458","2326070.0","2233802.0","2522945.0","2601034.0","2386938.0","2243188.0","2168976.0","2076423.0","911","371.0",
"_E01014658","St Philips","3627","3480","3677","3526","2706.0","2617.0","2826.0","2782.0","6664.0","6310.0","6550.0","6057.0","2962978","2874372","3059038","2979236","1696906.0","1656604.0","1814590.0","1816356.0","1266072.0","1217768.0","1244449.0","1162880.0","653","192.0",
"_E01014659","Filton Avenue North","3279","2934","3032","2855","2948.0","2706.0","2805.0","2728.0","7154.0","6167.0","6327.0","4909.0","2334536","2446791","2674396","2589829","1933934.0","2107629.0","2313778.0","2329670.0","400602.0","339162.0","360618.0","260159.0","854","53.0",
"_E01014660","Lockleaze North","4041","3950","3990","3566","3645.0","3568.0","3729.0","3337.0","6657.0","6452.0","5708.0","5228.0","2739529","2685944","2717492","2531899","2147058.0","2105281.0","2203755.0","2082281.0","592471.0","580664.0","513737.0","449619.0","624","86.0",
"_E01014661","Filton Avenue South","4203","3843","3862","3928","3835.0","3572.0","3595.0","3654.0","8272.0","7115.0","7426.0","7678.0","2538432","2363357","2382606","2423714","2124851.0","2028947.0","2063281.0","2101238.0","413582.0","334409.0","319325.0","322476.0","575","42.0",
"_E01014662","Horfield Sports Ground","3378","3605","3593","3498","3525.0","3382.0","3385.0","3364.0","1578.0","6492.0","6446.0","5429.0","2243285","2357905","2321268","2266533","2164398.0","2052804.0","2037627.0","2038532.0","78887.0","305100.0","283641.0","228000.0","606","42.0",
"_E01014663","Lockleaze South","3722","3503","3649","3688","3549.0","3370.0","3507.0","3574.0","5556.0","5021.0","5273.0","4942.0","2330254","2227626","2313232","2342158","2030242.0","1971553.0","2044328.0","2080240.0","300011.0","256073.0","268904.0","261917.0","582","53.0",
"_E01014664","Muller Road","4035","3714","3790","3723","3629.0","3229.0","3444.0","3361.0","5820.0","5818.0","5317.0","5417.0","2784434","2596145","2686966","2621225","2039492.0","1833953.0","1990476.0","1949497.0","744942.0","762191.0","696490.0","671728.0","580","124.0",
"_E01014665","Eastgate","3910","3723","3664","3732","3705.0","3538.0","3530.0","3572.0","6603.0","6346.0","5694.0","6335.0","3049577","2885041","2902154","3033874","2686396.0","2561373.0","2623150.0","2736151.0","363181.0","323668.0","279004.0","297723.0","766","47.0",
"_E01014666","Cranbrook Road","4594","4253","4340","4221","4469.0","4126.0","4205.0","4081.0","5949.0","5780.0","6036.0","5984.0","2995327","2764709","2886011","2810868","2668131.0","2475712.0","2590226.0","2517672.0","327195.0","288997.0","295785.0","293196.0","617","49.0",
"_E01014667","Westbury Park South","4202","4041","3917","4095","4091.0","3897.0","3775.0","3977.0","5908.0","6309.0","6271.0","6113.0","2622016","2513432","2467996","2584095","2397504.0","2279989.0","2242253.0","2370153.0","224512.0","233443.0","225744.0","213942.0","596","35.0",
"_E01014668","Berkeley Road South","4254","3993","3995","3980","4061.0","3727.0","3805.0","3802.0","6380.0","6727.0","5967.0","5900.0","2650445","2527311","2541086","2531187","2318679.0","2150593.0","2206955.0","2212587.0","331766.0","376718.0","334130.0","318600.0","582","54.0",
"_E01014669","Redland Court Road","4558","4427","4422","4266","4325.0","4203.0","4167.0","4071.0","6952.0","7029.0","7216.0","6586.0","2871593","2846339","2860901","2747249","2482267.0","2487869.0","2471229.0","2417967.0","389325.0","358470.0","389672.0","329282.0","594","50.0",
"_E01014670","Zetland Road","4462","4147","4276","4148","4267.0","3997.0","4152.0","4051.0","6231.0","5640.0","5573.0","5166.0","2703812","2533913","2634249","2572058","2329945.0","2218056.0","2333293.0","2293085.0","373867.0","315857.0","300956.0","278973.0","566","54.0",
"_E01014671","St Andrews Park","3836","3749","3645","3621","3626.0","3576.0","3426.0","3466.0","6035.0","5533.0","6020.0","5291.0","2508599","2455829","2420193","2422453","2164585.0","2134928.0","2083053.0","2120880.0","344014.0","320901.0","337139.0","301573.0","612","57.0",
"_E01014672","Manor Park","4876","4858","4871","4708","4244.0","4306.0","4279.0","4128.0","7881.0","7524.0","7729.0","7509.0","5080918","5100829","5105262","4934376","3654419.0","3746542.0","3713992.0","3582820.0","1426499.0","1354287.0","1391270.0","1351556.0","868","180.0",
"_E01014673","Two Mile Hill East","3521","3339","3308","3388","3362.0","3202.0","3080.0","3217.0","5274.0","4920.0","5896.0","5334.0","2915600","2968679","2986699","3062966","2551664.0","2619381.0","2556329.0","2673584.0","363937.0","349298.0","430371.0","389382.0","831","73.0",
"_E01014674","Burchells Green","3967","3802","3812","3743","3792.0","3603.0","3581.0","3607.0","6317.0","6155.0","6542.0","5376.0","2507389","2433505","2489421","2436469","2229437.0","2125750.0","2155803.0","2167681.0","277952.0","307755.0","333618.0","268788.0","601","50.0",
"_E01014675","Two Mile Hill West","3754","3510","3473","3484","3578.0","3353.0","3298.0","3348.0","6083.0","6021.0","6402.0","5807.0","2623764","2456670","2466037","2522154","2325706.0","2209798.0","2209967.0","2289857.0","298058.0","246872.0","256070.0","232297.0","684","40.0",
"_E01014676","Kingsway","4003","3651","3583","3687","3586.0","3302.0","3321.0","3457.0","6863.0","6056.0","5475.0","5423.0","2645886","2423933","2411585","2481574","2069405.0","1915262.0","1962649.0","2053167.0","576481.0","508671.0","448936.0","428407.0","594","79.0",
"_E01014677","Crews Hole","5033","4806","4716","4749","3737.0","3510.0","3582.0","3698.0","7790.0","7665.0","7181.0","7061.0","3618994","3450834","3428409","3466502","1827349.0","1733971.0","1783868.0","1856595.0","1791645.0","1716863.0","1644541.0","1609907.0","502","228.0",
"_E01014678","Nags Head Hill","3852","3650","3500","3606","3620.0","3386.0","3336.0","3439.0","7591.0","8284.0","6433.0","6654.0","2631109","2569546","2505984","2574606","2327459.0","2254753.0","2261527.0","2328427.0","303650.0","314793.0","244456.0","246178.0","677","37.0",
"_E01014679","Bryants Hill","4054","3813","3738","3956","3806.0","3598.0","3572.0","3765.0","6266.0","5746.0","5372.0","5840.0","2817334","2672810","2631537","2785228","2378681.0","2270603.0","2282372.0","2405630.0","438653.0","402207.0","349165.0","379599.0","639","65.0",
"_E01014680","Conham Valley","4326","3916","4010","4041","4192.0","3784.0","3893.0","3940.0","7687.0","7281.0","7022.0","6939.0","2253847","2083187","2141522","2169776","2100101.0","1937564.0","2001087.0","2044882.0","153746.0","145623.0","140435.0","124894.0","519","18.0",
"_E01014681","Redfield","3500","3409","3328","3146","3109.0","3036.0","3027.0","2846.0","6265.0","6178.0","5808.0","5898.0","3538079","3446759","3561139","3649054","2754935.0","2705415.0","2887363.0","2976721.0","783144.0","741344.0","673776.0","672333.0","1046","114.0",
"_E01014682","West St George","3691","3400","3457","3452","3444.0","3217.0","3288.0","3288.0","6428.0","5594.0","5458.0","5412.0","2505899","2424315","2395784","2402858","2145916.0","2116634.0","2101031.0","2110596.0","359984.0","307681.0","294753.0","292261.0","642","54.0",
"_E01014683","Clouds Hill","3210","3045","3084","2937","2955.0","2817.0","2817.0","2758.0","5431.0","5211.0","5549.0","4692.0","2677074","2582340","2652474","2593587","2210037.0","2160287.0","2186348.0","2208858.0","467037.0","422054.0","466126.0","384730.0","801","82.0",
"_E01014684","St Georges Park","3722","3486","3600","3486","3373.0","3111.0","3270.0","3141.0","5605.0","5501.0","5343.0","5298.0","3047977","2865218","2984580","2959816","2330493.0","2155617.0","2279264.0","2239274.0","717485.0","709601.0","705317.0","720542.0","713","136.0",
"_E01014685","Whiteway","3827","3688","3776","3801","3690.0","3497.0","3643.0","3663.0","6327.0","6872.0","6156.0","6217.0","2426360","2342042","2424176","2459476","2217561.0","2094660.0","2214874.0","2241885.0","208799.0","247381.0","209302.0","217591.0","612","35.0",
"_E01014686","Plummers Hill","3700","3337","3331","3202","3555.0","3120.0","3155.0","3071.0","6780.0","7986.0","7191.0","6080.0","2460641","2242342","2368072","2356708","2257229.0","2002758.0","2145161.0","2162157.0","203413.0","239584.0","222911.0","194551.0","704","32.0",
"_E01014687","East St George","3526","3328","3344","3403","3433.0","3289.0","3290.0","3349.0","5263.0","4110.0","4443.0","4535.0","2429132","2316434","2354380","2430034","2244930.0","2180808.0","2207753.0","2280374.0","184201.0","135626.0","146627.0","149660.0","681","33.0",
"_E01014688","Trymside","4743","4195","4246","4231","4268.0","3739.0","3886.0","3900.0","7137.0","6560.0","6182.0","5977.0","3182474","2877963","2925466","2923296","2390241.0","2149818.0","2257768.0","2265805.0","792233.0","728145.0","667697.0","657492.0","581","110.0",
"_E01014689","Southmead Central","3814","3685","3492","3633","3452.0","3439.0","3322.0","3408.0","5700.0","5016.0","4402.0","4849.0","2536335","2439191","2325843","2419663","1926397.0","1922504.0","1863606.0","1915408.0","609937.0","516687.0","462237.0","504255.0","562","104.0",
"_E01014690","Southmead East","3686","3456","3433","3459","3420.0","3291.0","3261.0","3306.0","6603.0","5381.0","5266.0","5052.0","3000305","2878927","2880509","2915810","2551280.0","2523776.0","2501375.0","2541987.0","449025.0","355151.0","379134.0","373823.0","769","74.0",
"_E01014691","Southmead West","3796","3381","3386","3366","3505.0","3142.0","3186.0","3169.0","6397.0","5728.0","5445.0","5445.0","3477003","3100607","3094900","3079439","2888516.0","2613709.0","2653827.0","2649307.0","588487.0","486899.0","441073.0","430132.0","836","79.0",
"_E01014692","Fonthill","4166","3676","3692","3643","3989.0","3506.0","3541.0","3559.0","7100.0","6270.0","5877.0","4836.0","2416395","2212792","2226356","2218714","2182093.0","1980805.0","1997145.0","2025267.0","234302.0","231987.0","229211.0","193447.0","569","40.0",
"_E01014693","Charlton Mead","3652","3406","3456","3319","3433.0","3209.0","3288.0","3158.0","7765.0","6987.0","6637.0","6587.0","2447114","2288897","2346417","2253923","2183108.0","2044356.0","2120775.0","2043129.0","264006.0","244541.0","225642.0","210794.0","647","32.0",
"_E01014694","Southmead North","4503","4249","4364","4241","3923.0","3720.0","3883.0","3844.0","6589.0","6244.0","6158.0","5777.0","2981000","2757351","2867437","2824711","2032222.0","1908231.0","2011465.0","2033318.0","948778.0","849120.0","855972.0","791394.0","529","137.0",
"_E01014695","Bower Ashton","3402","3143","3195","3131","2947.0","2747.0","2838.0","2792.0","9306.0","8637.0","8382.0","6881.0","2663991","2473798","2530375","2827602","2142831.0","2016053.0","2102912.0","2311527.0","521160.0","457745.0","427463.0","516075.0","828","75.0",
"_E01014696","Hamilton Road","3640","3523","3359","3419","3449.0","3284.0","3145.0","3259.0","5824.0","5548.0","5233.0","4858.0","2453186","2469347","2361448","2427353","2138663.0","2058765.0","1984686.0","2082463.0","314523.0","410581.0","376762.0","344891.0","639","71.0",
"_E01014697","Bedminster","4267","3911","3671","3609","3407.0","2978.0","2720.0","2712.0","5552.0","5327.0","5311.0","5162.0","5906163","5494649","5623510","5542961","2824743.0","2522367.0","2638790.0","2641674.0","3081420.0","2972282.0","2984720.0","2901287.0","974","562.0",
"_E01014698","Stackpool Road","3355","3091","3070","3160","3137.0","2941.0","2912.0","3005.0","6395.0","5324.0","5584.0","5639.0","2858337","2738809","2744601","2853035","2493845.0","2440681.0","2448667.0","2554158.0","364492.0","298128.0","295935.0","298877.0","850","53.0",
"_E01014699","Coronation Road West","4113","4059","3720","3583","3300.0","3012.0","2891.0","2858.0","6237.0","6836.0","6034.0","5633.0","2957399","2950717","2734368","2633341","1716220.0","1590351.0","1563839.0","1551720.0","1241179.0","1360366.0","1170530.0","1081621.0","543","192.0",
"_E01014700","Ashton","4133","3840","3609","3639","3897.0","3594.0","3392.0","3433.0","8333.0","8219.0","7502.0","7547.0","2794222","2599625","2454349","2467396","2494217.0","2303754.0","2184274.0","2210803.0","300006.0","295871.0","270075.0","256593.0","644","34.0",
"_E01014701","Coronation Road East","3838","3620","3590","3689","3666.0","3439.0","3423.0","3526.0","5785.0","5646.0","5481.0","5607.0","2874940","2729519","2739206","2825712","2522061.0","2379450.0","2399380.0","2489314.0","352879.0","350069.0","339827.0","336398.0","706","60.0",
"_E01014702","Stockwood Lane North","4669","4353","4200","4199","4354.0","4171.0","4038.0","4020.0","7672.0","6183.0","5830.0","6078.0","2857325","2685945","2600108","2599314","2412341.0","2339686.0","2273612.0","2271131.0","444984.0","346260.0","326496.0","328183.0","565","54.0",
"_E01014703","Burnbush Hill","4082","3725","3762","3721","3530.0","3292.0","3381.0","3348.0","6372.0","5673.0","5501.0","5496.0","2837024","2603603","2640808","2615726","1976749.0","1883184.0","1947674.0","1945227.0","860275.0","720419.0","693134.0","670499.0","581","122.0",
"_E01014704","Woodleigh Gardens","4034","3974","3964","4115","3903.0","3736.0","3729.0","3953.0","4908.0","5683.0","5618.0","5391.0","2851911","2865294","2838334","3205764","2400365.0","2365170.0","2338347.0","2731379.0","451546.0","500124.0","499988.0","474385.0","691","88.0",
"_E01014705","The Coots","4397","4129","4043","4045","4185.0","3931.0","3885.0","3906.0","9453.0","9374.0","8259.0","7971.0","2290907","2159246","2130628","2131750","2092400.0","1981135.0","1973702.0","1988270.0","198507.0","178112.0","156926.0","143481.0","509","18.0",
"_E01014706","Burnbush","3834","3706","3362","3463","3327.0","3204.0","2948.0","3087.0","7272.0","7031.0","6238.0","5901.0","2327099","2316470","2111063","2049803","1759865.0","1739965.0","1618262.0","1583618.0","567234.0","576505.0","492800.0","466184.0","513","79.0",
"_E01014707","Stockwood Lane South","4997","4486","4311","4361","4334.0","3987.0","3955.0","3943.0","9658.0","8206.0","7225.0","7741.0","3292787","2956483","2849567","2891214","2500814.0","2316394.0","2329346.0","2326104.0","791973.0","640089.0","520220.0","565110.0","590","73.0",
"_E01014708","Hazelbury","4777","4404","4369","4280","4471.0","4096.0","4090.0","3994.0","8890.0","8469.0","8223.0","8233.0","3386744","3311914","3360140","3295443","2951122.0","2863036.0","2932562.0","2867328.0","435623.0","448878.0","427577.0","428115.0","718","52.0",
"_E01014709","Sneyd Park and the Downs","6030","5752","5894","5426","5131.0","4886.0","5153.0","4840.0","8193.0","7845.0","7595.0","6800.0","4480092","4204628","4231996","3901211","2693976.0","2525805.0","2576317.0","2439173.0","1786116.0","1678824.0","1655679.0","1462038.0","504","215.0",
"_E01014710","Rockleaze","4928","4765","4516","4661","4536.0","4313.0","4125.0","4293.0","7153.0","7350.0","6807.0","6962.0","3030505","2944672","2786280","2871308","2372459.0","2268498.0","2173682.0","2279531.0","658046.0","676175.0","612598.0","591777.0","531","85.0",
"_E01014711","Stoke Bishop North","5556","5185","5044","4929","5056.0","4854.0","4707.0","4635.0","9909.0","8064.0","8060.0","7621.0","2966738","2763682","2708894","2651687","2421762.0","2320169.0","2273675.0","2247789.0","544976.0","443513.0","435219.0","403898.0","485","53.0",
"_E01014712","Stoke Bishop South","4708","4438","4340","4314","4465.0","4195.0","4167.0","4122.0","7867.0","7815.0","6754.0","6906.0","2438697","2316466","2273988","2256136","2147614.0","2042954.0","2037599.0","2007522.0","291083.0","273512.0","236389.0","248614.0","487","36.0",
"_E01014713","Old Sneed Park","5801","5745","5158","5069","4470.0","4368.0","4296.0","4178.0","9640.0","9867.0","7756.0","7810.0","3828954","3809043","3414708","3366005","2190103.0","2171051.0","2134981.0","2093050.0","1638851.0","1637992.0","1279727.0","1272955.0","501","163.0",
"_E01014714","University Halls","5350","5204","5088","4952","5151.0","5027.0","4954.0","4928.0","6481.0","6223.0","5878.0","5093.0","3081427","2992023","2951038","2871896","2524025.0","2463085.0","2457264.0","2454257.0","557402.0","528938.0","493774.0","417639.0","498","82.0",
"_E01014715","Canford Park","4640","4377","4301","4375","4430.0","4197.0","4172.0","4230.0","6996.0","6587.0","5833.0","6315.0","2937388","2783949","2769924","2817645","2573601.0","2467792.0","2478287.0","2533456.0","363788.0","316157.0","291637.0","284189.0","599","45.0",
"_E01014716","Canford Lane","4659","4392","4343","4320","4309.0","4165.0","4180.0","4184.0","8476.0","7049.0","6172.0","5922.0","3056031","2902822","2862123","2859951","2589861.0","2536280.0","2528849.0","2552004.0","466169.0","366542.0","333274.0","307947.0","610","52.0",
"_E01014717","Elmlea","4932","4583","4564","4518","4656.0","4394.0","4450.0","4425.0","8612.0","7160.0","6260.0","5994.0","2761792","2548130","2541907","2516469","2425928.0","2276034.0","2322795.0","2318671.0","335864.0","272096.0","219112.0","197797.0","524","33.0",
"_E01014718","Henbury Hill","4552","4356","4290","4336","4071.0","3992.0","3843.0","3892.0","6947.0","6225.0","6609.0","6669.0","3127390","2996793","2943028","2982876","2328433.0","2299595.0","2209439.0","2249321.0","798957.0","697198.0","733590.0","733556.0","578","110.0",
"_E01014719","Westbury Village","4720","4584","4342","4182","4071.0","4044.0","3918.0","3750.0","7341.0","6819.0","6082.0","5906.0","3304004","3204259","3039234","2923188","2283662.0","2276914.0","2205946.0","2096303.0","1020342.0","927345.0","833288.0","826885.0","559","140.0",
"_E01014720","Lake Road","3707","3586","3488","3554","3427.0","3180.0","3206.0","3325.0","5386.0","6002.0","5193.0","4973.0","2832070","2718220","2654244","2704760","2244949.0","2063997.0","2093455.0","2177654.0","587121.0","654223.0","560790.0","527106.0","655","106.0",
"_E01014721","Westbury North","3969","3892","3794","3755","3637.0","3534.0","3558.0","3481.0","7147.0","7374.0","6240.0","6923.0","2607310","2541737","2496690","2448386","2164176.0","2091916.0","2134746.0","2088393.0","443134.0","449820.0","361944.0","359993.0","600","52.0",
"_E01014722","Tanorth Road","4384","4186","4074","4007","4171.0","4020.0","3902.0","3895.0","6922.0","6244.0","6263.0","5471.0","2827951","2691837","2627922","2596319","2481854.0","2392119.0","2333554.0","2344663.0","346098.0","299719.0","294369.0","251656.0","602","46.0",
"_E01014723","Court Farm Road","4516","4187","4237","4283","4346.0","4049.0","4103.0","4145.0","5434.0","4970.0","5034.0","5086.0","2605580","2403386","2436337","2462474","2116563.0","1975969.0","2018545.0","2035282.0","489018.0","427418.0","417792.0","427192.0","491","84.0",
"_E01014724","Fulford Road South","3234","3352","3243","3356","3125.0","3248.0","3170.0","3260.0","6044.0","6128.0","5342.0","5659.0","2493717","2597781","2529259","2688166","2318452.0","2426191.0","2390381.0","2507074.0","175266.0","171590.0","138878.0","181093.0","769","32.0",
"_E01014725","Whitchurch","4481","4189","4110","4008","4329.0","4031.0","4012.0","3930.0","7716.0","7463.0","6224.0","5703.0","2795937","2639217","2589285","2537128","2579886.0","2422778.0","2415023.0","2377454.0","216051.0","216439.0","174263.0","159675.0","605","28.0",
"_E01014726","Hareclive","3678","3728","3756","3698","3660.0","3672.0","3799.0","3709.0","4139.0","4886.0","2969.0","3487.0","2563435","2613161","2636858","2599966","2455828.0","2456802.0","2529983.0","2481394.0","107607.0","156360.0","106875.0","118573.0","669","34.0",
"_E01014727","Bishport Avenue East","3645","3682","3669","3503","3550.0","3543.0","3592.0","3457.0","5225.0","6137.0","5169.0","4274.0","2365708","2404390","2399537","2294429","2172367.0","2189581.0","2234123.0","2136279.0","193341.0","214810.0","165414.0","158150.0","618","37.0",
"_E01014728","Whitchurch Park","3787","3661","3608","3545","3620.0","3489.0","3465.0","3411.0","6551.0","6476.0","5946.0","5968.0","2923351","2859479","2817757","2761935","2635103.0","2568056.0","2550185.0","2517249.0","288248.0","291423.0","267572.0","244686.0","738","41.0",
"_E01014729","Marksbury Road","4154","3842","3744","3816","3803.0","3509.0","3695.0","3689.0","5727.0","5330.0","3959.0","4363.0","3045163","2819742","2703256","2591115","2277741.0","2105504.0","2172716.0","2032669.0","767423.0","714238.0","530540.0","558446.0","551","128.0",
"_E01014730","Lower Totterdown","3939","3776","3625","3670","3015.0","2869.0","2810.0","2859.0","6560.0","6311.0","5872.0","5951.0","3355621","3281024","3201072","3273714","1899273.0","1835818.0","1821096.0","1881173.0","1456348.0","1445206.0","1379976.0","1392542.0","658","234.0",
"_E01014731","Upper Totterdown","3145","2956","2820","2840","2947.0","2801.0","2710.0","2695.0","4799.0","4282.0","3756.0","4189.0","2406020","2290633","2202457","2223911","2012514.0","1943768.0","1894439.0","1905523.0","393506.0","346864.0","308018.0","318388.0","707","76.0",
"_E01014732","Wells Road","3248","3194","3095","3148","3164.0","3095.0","3000.0","3068.0","4887.0","5158.0","5038.0","4781.0","2325654","2315716","2371099","2424107","2154601.0","2135201.0","2189727.0","2251978.0","171054.0","180515.0","181372.0","172130.0","734","36.0",
"_E01014733","Windmill Hill West","3593","3344","3380","3363","3258.0","3107.0","3176.0","3117.0","5549.0","4766.0","4687.0","4991.0","2774126","2598388","2646861","2639931","2147072.0","2069373.0","2150076.0","2125865.0","627054.0","529015.0","496786.0","514065.0","682","103.0",
"_E01014734","Windmill Hill East","3823","3596","3664","3489","3431.0","3232.0","3283.0","3250.0","5923.0","5490.0","5664.0","4758.0","2626181","2477703","2583326","2491054","1986514.0","1868280.0","1943295.0","1953435.0","639668.0","609423.0","640031.0","537618.0","601","113.0",
"_E01014735","Victoria Park","3642","3484","3455","3343","3261.0","3153.0","3181.0","3042.0","8105.0","7487.0","7031.0","7710.0","2778513","2692922","2667168","2591102","2292205.0","2251166.0","2280441.0","2205612.0","486308.0","441756.0","386728.0","385490.0","725","50.0",
"_E01014736","St Johns Lane","4158","3877","3785","3703","3706.0","3359.0","3440.0","3356.0","7303.0","7504.0","6284.0","6161.0","3309537","3101476","3051011","2995379","2579249.0","2351072.0","2435215.0","2379322.0","730288.0","750403.0","615796.0","616057.0","709","100.0",
"_00HB","Bristol (City of)","4049","3837","3814","3780","3716.0","3532.0","3539.0","3528.0","6475.0","6127.0","5928.0","5772.0","2947052","2836949","2852202","2852127","2340104.0","2264574.0","2300588.0","2320184.0","606948.0","572375.0","551614.0","531943.0","666","93.0",
